"employer_key","name_th","name_en","short_name_th","short_name_en","logo_src"
"เมย์แบงก์ ประเทศไทย","บริษัทหลักทรัพย์ เมย์แบงก์ (ประเทศไทย) จำกัด (มหาชน)","Maybank Securities (Thailand) Public Company Limited","เมย์แบงก์ ประเทศไทย","Maybank Thailand","assets/maybank-securities-logo.svg"
"Binance","Binance","Binance","Binance","Binance","assets/binance-logo.png"
"ThaiBMA","สมาคมตลาดตราสารหนี้ไทย","Thai Bond Market Association","ThaiBMA","ThaiBMA","assets/employer-thaibma.svg"
"KKP Securities","บริษัทหลักทรัพย์ เกียรตินาคินภัทร จำกัด (มหาชน)","Kiatnakin Phatra Securities Public Company Limited","เกียรตินาคินภัทร","Kiatnakin Phatra","assets/employer-kkp.svg"
"KKP Bank","ธนาคารเกียรตินาคินภัทร จำกัด (มหาชน)","Kiatnakin Phatra Bank Public Company Limited","ธนาคารเกียรตินาคินภัทร","Kiatnakin Phatra Bank","assets/employer-kkp.svg"
"Bualuang Securities","บริษัทหลักทรัพย์ บัวหลวง จำกัด (มหาชน)","Bualuang Securities Public Company Limited","หลักทรัพย์บัวหลวง","Bualuang Securities","assets/employer-bualuang.svg"
"Vanta Capital","Vanta Capital","Vanta Capital","Vanta Capital","Vanta Capital","assets/employer-vanta.svg"
"Phillip Securities Thailand","บริษัทหลักทรัพย์ ฟิลลิป (ประเทศไทย) จำกัด (มหาชน)","Phillip Securities (Thailand) Public Company Limited","หลักทรัพย์ฟิลลิป","Phillip Securities","assets/employer-phillip.svg"
"KASIKORNBANK","ธนาคารกสิกรไทย จำกัด (มหาชน)","KASIKORNBANK Public Company Limited","ธนาคารกสิกรไทย","KASIKORNBANK","assets/employer-kbank.svg"
"Kasikorn Securities","บริษัทหลักทรัพย์ กสิกรไทย จำกัด (มหาชน)","Kasikorn Securities Public Company Limited","หลักทรัพย์กสิกรไทย","Kasikorn Securities","assets/employer-kasikorn-securities.svg"
"Bangkok Bank","ธนาคารกรุงเทพ จำกัด (มหาชน)","Bangkok Bank Public Company Limited","ธนาคารกรุงเทพ","Bangkok Bank","assets/employer-bangkok-bank.svg"
"LH Bank","ธนาคารแลนด์ แอนด์ เฮ้าส์ จำกัด (มหาชน)","Land and Houses Bank Public Company Limited","ธนาคารแลนด์ แอนด์ เฮ้าส์","LH Bank","assets/employer-lh-bank.svg"
"UOB Thailand","ธนาคารยูโอบี จำกัด (มหาชน)","United Overseas Bank (Thai) Public Company Limited","ธนาคารยูโอบี","UOB Thailand","assets/employer-uob.svg"
"ttb bank","ธนาคารทหารไทยธนชาต จำกัด (มหาชน)","TMBThanachart Bank Public Company Limited","ทีทีบี","ttb bank","assets/employer-ttb.svg"
"CGS International","บริษัทหลักทรัพย์ ซีจีเอส อินเตอร์เนชั่นแนล (ประเทศไทย) จำกัด","CGS International Securities (Thailand) Company Limited","หลักทรัพย์ซีจีเอส อินเตอร์เนชั่นแนล","CGS International","assets/employer-cgsi.svg"
"Krungsri Securities","บริษัทหลักทรัพย์ กรุงศรี จำกัด (มหาชน)","Krungsri Securities Public Company Limited","หลักทรัพย์กรุงศรี","Krungsri Securities","assets/employer-krungsri-securities.svg"
"Bank of China Thailand","ธนาคารแห่งประเทศจีน (ไทย) จำกัด (มหาชน)","Bank of China (Thai) Public Company Limited","ธนาคารแห่งประเทศจีน (ไทย)","Bank of China Thailand","assets/employer-bank-of-china.svg"
"EY Thailand","บริษัท อีวาย คอร์ปอเรท เซอร์วิสเซส จำกัด","EY Thailand","อีวาย ประเทศไทย","EY Thailand","assets/employer-ey.svg"
"LINE MAN Wongnai","LINE MAN Wongnai","LINE MAN Wongnai","LINE MAN Wongnai","LINE MAN Wongnai","assets/employer-line-man.svg"
"Ascend Money","แอสเซนด์ มันนี่","Ascend Money","แอสเซนด์ มันนี่","Ascend Money","assets/employer-ascend-money.svg"
"InnovestX","บริษัทหลักทรัพย์ อินโนเวสท์ เอกซ์ จำกัด","InnovestX Securities Company Limited","อินโนเวสท์ เอกซ์","InnovestX","assets/employer-innovestx.svg"
"AIA Thailand","บริษัท เอไอเอ จำกัด","AIA Company Limited","เอไอเอ ประเทศไทย","AIA Thailand","assets/employer-aia.svg"
"KPMG Thailand","บริษัท เคพีเอ็มจี ภูมิไชย ที่ปรึกษาธุรกิจ จำกัด","KPMG Thailand","เคพีเอ็มจี ประเทศไทย","KPMG Thailand","assets/employer-kpmg.svg"
"PwC Thailand","บริษัท ไพร้ซวอเตอร์เฮาส์คูเปอร์ส เอบีเอเอส จำกัด","PwC Thailand","PwC ประเทศไทย","PwC Thailand","assets/employer-pwc.svg"
"SCB Asset Management","บริษัทหลักทรัพย์จัดการกองทุน ไทยพาณิชย์ จำกัด","SCB Asset Management Company Limited","บลจ.ไทยพาณิชย์","SCB Asset Management","assets/employer-scbam.svg"
"Business Online","บริษัท บิซิเนส ออนไลน์ จำกัด (มหาชน)","Business Online Public Company Limited","บิซิเนส ออนไลน์","Business Online","assets/employer-bol.svg"
"VServe Enterprise","บริษัท วีเซิร์ฟ เอ็นเตอร์ไพรส์ จำกัด (มหาชน)","VServe Enterprise Public Company Limited","วีเซิร์ฟ เอ็นเตอร์ไพรส์","VServe Enterprise","assets/employer-vserve.svg"
"SiegFund","SiegFund","SiegFund","SiegFund","SiegFund","assets/employer-siegfund.svg"
"True Blue Recruitment","True Blue Recruitment","True Blue Recruitment","True Blue Recruitment","True Blue Recruitment","assets/employer-trueblue.svg"
"Point72","Point72 Asset Management / Cubist Systematic Strategies","Point72 Asset Management / Cubist Systematic Strategies","Point72 / Cubist","Point72 / Cubist","assets/employer-point72.svg"
"Graviton Research Capital","Graviton Research Capital","Graviton Research Capital","Graviton","Graviton","assets/employer-graviton.svg"
"DRW","DRW","DRW","DRW","DRW","assets/employer-drw.svg"
"WorldQuant","WorldQuant","WorldQuant","WorldQuant","WorldQuant","assets/employer-worldquant.svg"
"Pi Associates","Pi Associates","Pi Associates","Pi Associates","Pi Associates","assets/employer-pi-associates.svg"
"HDBS","บริษัทหลักทรัพย์ เอชดี จำกัด","HD Securities Joint Stock Company","HDBS","HDBS","assets/employer-hdbs.svg"
"XCapital Technology","XCapital Technology","XCapital Technology","XCapital","XCapital","assets/employer-xcapital.svg"
"Citi","ซิตี้กรุ๊ป","Citigroup","Citi","Citi","assets/employer-citi.svg"
"Flow Traders","Flow Traders","Flow Traders","Flow Traders","Flow Traders","assets/employer-flow-traders.svg"
"IMC","IMC Trading","IMC Trading","IMC","IMC","assets/employer-imc.svg"
"OKX","OKX","OKX","OKX","OKX","assets/employer-okx.svg"
"Peripamo","Peripamo","Peripamo","Peripamo","Peripamo","assets/employer-peripamo.svg"
"RHB Banking Group","กลุ่มธนาคารอาร์เอชบี","RHB Banking Group","RHB","RHB","assets/employer-rhb.svg"
"Deloitte Malaysia","ดีลอยท์ มาเลเซีย","Deloitte Malaysia","Deloitte","Deloitte","assets/employer-deloitte.svg"
"J.P. Morgan","เจ.พี. มอร์แกน","J.P. Morgan","J.P. Morgan","J.P. Morgan","assets/employer-jpmorgan.svg"
"Selini Capital","Selini Capital","Selini Capital","Selini Capital","Selini Capital","assets/employer-selini.svg"
"Millennium","Millennium","Millennium","Millennium","Millennium","assets/employer-millennium.svg"
"Spiking Green","Spiking Green","Spiking Green","Spiking Green","Spiking Green","assets/employer-spiking-green.svg"
"Virtu Financial","เวอร์ทู ไฟแนนเชียล","Virtu Financial","Virtu","Virtu","assets/employer-virtu.svg"
"Metabit Technology","เมตาบิต เทคโนโลยี","Metabit Technology","Metabit","Metabit","assets/employer-metabit.svg"
"BTIG","บีทีไอจี","BTIG","BTIG","BTIG","assets/employer-btig.svg"
"Rock Bund Capital","ร็อกบันด์ แคปปิตอล","Rock Bund Capital","Rock Bund","Rock Bund","assets/employer-rock-bund.svg"
"DV Trading","ดีวี เทรดดิ้ง","DV Trading","DV Trading","DV Trading","assets/employer-dv-trading.svg"
"Qube Research & Technologies","คิวบ์ รีเสิร์ช แอนด์ เทคโนโลยีส์","Qube Research & Technologies","QRT","QRT","assets/employer-qrt.svg"
"Schonfeld","ชอนเฟลด์","Schonfeld Strategic Advisors","Schonfeld","Schonfeld","assets/employer-schonfeld.svg"
"Randstad Malaysia","แรนด์สตัด มาเลเซีย","Randstad Malaysia","Randstad","Randstad","assets/employer-randstad.svg"
"MB Bank","ธนาคารเอ็มบี","Military Commercial Joint Stock Bank","MB Bank","MB Bank","assets/employer-mb-bank.svg"
"VPBank","ธนาคารวีพีแบงก์","Vietnam Prosperity Joint Stock Commercial Bank","VPBank","VPBank","assets/employer-vpbank.svg"
"EY Malaysia","อีวาย มาเลเซีย","EY Malaysia","EY Malaysia","EY Malaysia","assets/employer-ey-malaysia.svg"
"Acheron Trading","แอเคอรอน เทรดดิ้ง","Acheron Trading","Acheron","Acheron","assets/employer-acheron.svg"
"Citadel","ซิทาเดล","Citadel","Citadel","Citadel","assets/employer-citadel.svg"
"Jane Street","เจนสตรีท","Jane Street","Jane Street","Jane Street","assets/employer-jane-street.svg"
"Mirae Asset Finance Vietnam","มิแร แอสเซท ไฟแนนซ์ เวียดนาม","Mirae Asset Finance Company Vietnam","Mirae Asset","Mirae Asset","assets/employer-mirae-asset-vietnam.svg"
"HDBank","ธนาคารเอชดีแบงก์","Ho Chi Minh City Development Joint Stock Commercial Bank","HDBank","HDBank","assets/employer-hdbank.svg"
"ACB","ธนาคารเอเชียคอมเมอร์เชียล","Asia Commercial Bank","ACB","ACB","assets/employer-acb.svg"
"UOB Vietnam","ยูโอบี เวียดนาม","United Overseas Bank Vietnam","UOB Vietnam","UOB Vietnam","assets/employer-uob-vietnam.svg"
"AmBank Group","แอมแบงก์ กรุ๊ป","AmBank Group","AmBank","AmBank","assets/employer-ambank.svg"
"TNG Digital","ทีเอ็นจี ดิจิทัล","TNG Digital","TNG Digital","TNG Digital","assets/employer-tng-digital.svg"
"Traze","เทรซ","Traze","Traze","Traze","assets/employer-traze.svg"
"OCBC Malaysia","โอซีบีซี มาเลเซีย","OCBC Malaysia","OCBC Malaysia","OCBC Malaysia","assets/employer-ocbc-malaysia.svg"
"Alliance Bank Malaysia","อัลไลแอนซ์ แบงก์ มาเลเซีย","Alliance Bank Malaysia Berhad","Alliance Bank","Alliance Bank","assets/employer-alliance-bank-malaysia.svg"
